#,key_words
1,iphone 11 case with screen protector pink
2,iphone 7 case with card holder pink
3,iphone charger cable pack 10ft
4,iphone 7 case red glitter
5,iphone 11 case wallet
6,iphone 8 case speck glitter
7,iphone 11 pro max case clear with design
8,iphone 7 case spigen tough armor rose gold
9,iphone xr cases silicone black
10,iphone 8 case spigen tough armor
11,iphone 11 screen protector and case otterbox
12,iphone 11 screen protector otterbox defender
13,iphone 7 case otterbox camo
14,iphone 11 pro max case clear protective
15,iphone 11 pro max case spigen liquid crystal
16,iphone charger anker powerline lightning cable 3ft
17,iphone 11 screen protector glass privacy
18,iphone cable pack of 3
19,iphone charger cordless iphone 8
20,iphone charger cable anker 3ft
21,iphone 11 screen protector privacy case
22,iphone cable 10ft mfi certified
23,iphone 11 case otterbox
24,iphone cable pack 5 pack
25,iphone xr cases otterbox symmetry
26,iphone xr screen protector film pet
27,iphone charger plugs 4 pack
28,iphone 11 pro max case otterbox symmetry clear
29,iphone 11 pro max case clear otterbox
30,iphone cable 10ft pack
31,iphone 11 case wallet magnetic
32,iphone 11 pro max case leather red
33,iphone cable protector animal
34,iphone charger with wall plug 3 ft
35,iphone 11 pro case with screen protector and card holder
36,iphone 11 pro max case spigen ultra hybrid
37,iphone 11 pro max case with card holder and ring
38,iphone xr cases for women wallet
39,iphone xr screen protector matte black
40,iphone charger cable 3ft nylon
41,iphone 8 case wallet slim
42,iphone 11 screen protector tempered glass blue light
43,iphone 11 screen protector film privacy
44,iphone 11 case clear with design
45,iphone 11 case wallet clear
46,iphone 11 pro case wallet for women
47,iphone charger cable pack of 3
48,iphone charger cable anker powerline
49,iphone charger cable 3ft braided
50,iphone 11 screen protector film matte
51,iphone 11 screen protector otterbox case
52,iphone 11 pro case spigen glitter
53,iphone xr screen protector glass zagg
54,iphone 11 pro max case speck
55,iphone 8 case speck purple
56,iphone 8 case spigen red
57,iphone xr cases cute protective
58,iphone cable 1 ft braided
59,iphone charger 6 ft
60,iphone 8 case purple
61,iphone cables apple certified
62,iphone 11 screen protector tempered glass front and back
63,iphone 11 pro max case otterbox commuter
64,iphone 7 case spigen tough armor
65,iphone charger cable 10 foot apple certified braided
66,iphone 11 pro case with screen protector cute
67,iphone 7 case silicone apple white
68,iphone charger cable 1ft braided
69,iphone cable 1 ft
70,iphone xr cases speck
71,iphone 8 case card holder wallet
72,iphone 11 screen protector otterbox amplify
73,iphone xr screen protector privacy tempered glass full coverage
74,iphone 8 case red sox
75,iphone 11 pro case speck grip
76,iphone 7 case wallet leather for women
77,iphone xr cases silicone pink
78,iphone 11 pro case clear
79,iphone 11 pro max case with card holder
80,iphone charger plugin
81,iphone xr cases spigen ultra hybrid
82,iphone 11 screen protector 4 pack bubble free
83,iphone 11 pro case wallet leather
84,iphone xr screen protector tempered glass bubble free
85,iphone charger cord pack
86,iphone 11 screen protector tempered glass anti glare
87,iphone 11 pro case silicone yellow
88,iphone 7 case spigen thin fit
89,iphone 11 case with screen protector and ring
90,iphone 8 case purple and gold
91,iphone 11 pro max case spigen slim armor
92,iphone xr cases cute for teens
93,iphone 11 case marble red
94,iphone 8 case speck grip
95,iphone 7 case otterbox waterproof
96,iphone xr screen protector privacy glass
97,iphone xr screen protector glass front and back
98,iphone xr screen protector glass with clear case
99,iphone charger cord 6 feet with plug
100,iphone charger cable 10 foot apple certified 3 pack
101,iphone 8 case purple waterproof
102,iphone 11 pro case leather folio
103,iphone 7 case with screen protector built in
104,iphone 11 screen protector and case
105,iphone 8 case wallet for women
106,iphone 11 pro max case leather pouch
107,iphone xr screen protector glass tempered
108,iphone charger anker powerline ii
109,iphone 8 case with belt clip camo
110,iphone cable short 2 ft
111,iphone 8 case
112,iphone 11 pro max case speck black
113,iphone charger 6 ft pack
114,iphone cable pack short
115,iphone charger cord 3ft black
116,iphone cable short 1ft
117,iphone xr cases clear with flowers
118,iphone charger cable apple certified 3 pack 3ft
119,iphone charger 6 ft with wall plug
120,iphone charger anker 3ft
121,iphone 11 pro case clear soft
122,iphone cable charger certified
123,iphone 7 case with screen protector otterbox
124,iphone charger 6ft braided
125,iphone charger cable 10 foot braided
126,iphone charger wireless belkin
127,iphone 8 case otterbox symmetry series
128,iphone 11 pro case spigen ultra hybrid
129,iphone cable charger original
130,iphone charger cable anker 10ft
131,iphone charger cable 1ft 2 pack
132,iphone charger cable pack
133,iphone charger cable 3ft 5 pack
134,iphone 11 pro max case clear glitter
135,iphone 11 pro max case silicone slim
136,iphone charger wireless apple
137,iphone 8 case otterbox pink
138,iphone 8 case purple protective
139,iphone 11 pro case with card holder clear
140,iphone 11 case speck presidio
141,iphone 8 case with belt clip soft touch with clip
142,iphone 11 pro case otterbox symmetry
143,iphone 7 case silicone pink
144,iphone 11 case with screen protector
145,iphone 11 case red wallet
146,iphone cable 6ft mfi certified
147,iphone 7 case silicone blue
148,iphone 7 case redskins
149,iphone charger 6ft anker
150,iphone 8 case spigen slim armor
151,iphone 8 case purple silicone
152,iphone 11 screen protector privacy matte
153,iphone 11 pro case spigen tough armor
154,iphone 11 pro case with screen protector waterproof
155,iphone 7 case otterbox symmetry
156,iphone xr cases silicone protective
157,iphone charger with wall plug blue
158,iphone 8 case card holder design
159,iphone cables apple certified 5 pack
160,iphone 7 case silicone purple
161,iphone charger cable short 3 inch
162,iphone xr screen protector film not glass
163,iphone charger with wall plug color
164,iphone 11 pro max case spigen tough armor
165,iphone cable 3ft apple certified
166,iphone xr cases clear speck
167,iphone charger cord 6 feet anker
168,iphone 11 case silicone yellow
169,iphone 8 case speck clear
170,iphone cable 6ft apple certified
171,iphone charger cable 6ft 10ft
172,iphone 7 case yellow silicone
173,iphone charger cord apple certified - nylon braided
174,iphone charger cable 10 foot light up
175,iphone 11 case otterbox symmetry
176,iphone 11 pro case with card holder spigen
177,iphone cable 10ft apple certified
178,iphone charger wireless stand
179,iphone 11 case silicone with screen protector
180,iphone 11 case red phone
181,iphone xr cases clear flowers
182,iphone xr screen protector privacy otterbox
183,iphone 7 case with card holder
184,iphone xr cases cute
185,iphone 8 case speck red
186,iphone 11 pro case otterbox glitter
187,iphone cable 3ft black
188,iphone cable protector charger saver cable chewers
189,iphone xr cases with card holder wireless charging
190,iphone charger cable short black
191,iphone charger cable short 2 ft
192,iphone charger cord apple certified 10 ft
193,iphone 8 case with belt clip
194,iphone 7 case silicone
195,iphone charger cordless
196,iphone 11 case black silicone
197,iphone 11 pro max case with screen protector pink
198,iphone charger cable apple certified 6ft
199,iphone 11 pro case with screen protector
200,iphone xr screen protector spigen
201,iphone 11 case otterbox commuter
202,iphone 8 case spigen blue
203,iphone xr cases silicone characters
204,iphone xr cases silicone
205,iphone 11 case wallet leather
206,iphone 11 pro case speck wallet
207,iphone xr cases for girls clear
208,iphone cable 10ft
209,iphone 11 screen protector glass full coverage
210,iphone xr cases silicone yellow
211,iphone xr cases cute designs
212,iphone xr cases otterbox commuter series
213,iphone charger cords 10 ft apple certified
214,iphone 7 case yellow plaid
215,iphone xr cases for girls otterbox
216,iphone charger cable pack 3ft
217,iphone charger anker
218,iphone 8 case speck
219,iphone 11 case clear protective
220,iphone 11 case wallet purple
221,iphone 11 case silicone white
222,iphone 11 case red and black
223,iphone cable 10ft usb c
224,iphone 11 screen protector tempered glass
225,iphone 8 case purple flowers
226,iphone 11 pro max case speck pink
227,iphone 7 case with screen protector for girls
228,iphone xr cases silicone cute
229,iphone charger cable anker braided
230,iphone charger cord 1 ft
231,iphone 11 case marble design
232,iphone 11 pro case with screen protector gold
233,iphone 11 pro max case with screen protector otterbox
234,iphone charger wireless pad
235,iphone 11 case marble hard
236,iphone 8 case wallet for men
237,iphone charger cord 6 feet colors
238,iphone charger 6ft anker nylon
239,iphone 8 case wallet with magnet
240,iphone cable charger 6ft
241,iphone cable charger 3ft
242,iphone cable short 6 inch
243,iphone 8 case red
244,iphone charger cable 10 foot black
245,iphone 8 case with card holder slim
246,iphone 11 screen protector tempered glass 4 pack
247,iphone charger cords 10 ft pink
248,iphone cable protector pokemon
249,iphone charger plug
250,iphone 7 case otterbox
251,iphone charger wireless iphone 8
252,iphone 8 case wallet magnetic
253,iphone 8 case purple galaxy
254,iphone 11 pro max case silicone black
255,iphone cable pack amazon basics
256,iphone charger cordless apple certified
257,iphone 7 case otterbox red
258,iphone charger cord and plug apple certified
259,iphone 11 pro max case spigen clear
260,iphone cable short 18
261,iphone xr screen protector plastic film
262,iphone charger anker pack
263,iphone 11 pro case silicone red
264,iphone 7 case red with screen protector
265,iphone xr cases for women protective
266,iphone 11 case black glitter
267,iphone 7 case with card holder incipio
268,iphone charger wireless
269,iphone 11 pro case silicone blue
270,iphone 11 pro case leather card holder
271,iphone cable pack 10
272,iphone cable short
273,iphone cable protector dog
274,iphone 7 case yellow glitter
275,iphone 11 screen protector otterbox symmetry
276,iphone 11 pro max case with card holder and magnet
277,iphone 7 case with stand blue
278,iphone 11 screen protector privacy glass
279,iphone 11 pro max case spigen with stand
280,iphone 11 pro max case with card holder leather
281,iphone 8 case spigen clear
282,iphone 11 pro max case silicone apple
283,iphone xr cases spigen red
284,iphone charger with wall plug apple certified
285,iphone charger 6ft cable for iphone 7
286,iphone 7 case wallet
287,iphone 7 case with stand
288,iphone 11 case marble black
289,iphone xr cases otterbox commuter
290,iphone cables apple certified 3ft
291,iphone 7 case otterbox with screen protector
292,iphone 7 case with card holder and strap
293,iphone 11 pro case with card holder slim
294,iphone xr cases for girls glitter
295,iphone xr cases cute marble
296,iphone 11 pro case wallet green
297,iphone 11 pro case speck clear
298,iphone charger cordless pad apple
299,iphone charger cable 6ft
300,iphone 11 case otterbox defender
301,iphone 11 case black matte
302,iphone 11 screen protector privacy full coverage
303,iphone 8 case wallet
304,iphone 8 case speck presidio
305,iphone 7 case with stand black
306,iphone 11 pro case speck candy shell
307,iphone 11 pro max case otterbox clear
308,iphone 11 pro max case speck clear
309,iphone 11 pro max case with stand spigen
310,iphone 11 case marble rose gold
311,iphone 8 case with belt clip and kickstand
312,iphone 11 pro max case leather folio
313,iphone charger cable 6ft apple certified
314,iphone 11 case with screen protector otterbox
315,iphone 11 case speck grip
316,iphone 11 case wallet for women
317,iphone 11 case silicone pink
318,iphone 11 pro case speck presidio grip
319,iphone xr screen protector glass privacy
320,iphone xr screen protector glass
321,iphone charger plug black
322,iphone 11 case red flowers
323,iphone 11 pro case speck candyshell
324,iphone 7 case otterbox camouflage
325,iphone charger cable
326,iphone 8 case speck black
327,iphone charger 6 ft cable
328,iphone charger 6ft cable spring
329,iphone 11 pro case wallet
330,iphone 11 case red glitter
331,iphone 11 screen protector privacy and clear
332,iphone charger cable 6ft with wall plug
333,iphone 11 screen protector and case combo
334,iphone 11 pro max case with card holder wrist strap
335,iphone 11 pro max case with stand and screen protector
336,iphone charger cable apple certified 10 ft
337,iphone 11 pro case clear with design
338,iphone 11 pro case with screen protector otterbox
339,iphone cables apple certified short
340,iphone xr screen protector privacy zagg
341,iphone charger cord and plug
342,iphone 11 pro max case speck glitter
343,iphone 7 case with screen protector and belt clip
344,iphone xr cases with card holder for men
345,iphone xr cases otterbox
346,iphone 8 case card holder for women
347,iphone 11 case silicone
348,iphone 11 pro max case with card holder marble
349,iphone charger cable 1ft black
350,iphone 8 case card holder stand
351,iphone 11 screen protector filmhoo
352,iphone 11 screen protector privacy spigen
353,iphone 11 pro max case otterbox with screen protector
354,iphone 7 case with screen protector for boys
355,iphone 11 pro case with screen protector clear
356,iphone 11 pro max case clear design
357,iphone xr cases for girls with popsocket
358,iphone charger 6ft 3 pack apple certified
359,iphone 11 case clear design
360,iphone 11 pro max case leather apple
361,iphone 11 pro max case with stand gold
362,iphone 7 case with card holder for men
363,iphone 11 pro max case spigen
364,iphone xr cases for girls
365,iphone 11 pro max case leather genuine
366,iphone cable 3ft amazon basics
367,iphone 7 case with screen protector for women
368,iphone xr cases otterbox symmetry series
369,iphone xr cases silicone white
370,iphone charger cable 6ft 5 pack
371,iphone charger cord 6 feet belkin
372,iphone charger with wall plug 6 ft
373,iphone 8 case with belt clip holster
374,iphone 7 case yellow protective
375,iphone charger cable anker pack
376,iphone xr screen protector privacy mirror
377,iphone charger cable pack 6ft
378,iphone charger with wall plug
379,iphone charger wireless fast
380,iphone 8 case spigen white
381,iphone cable 1 ft by apple
382,iphone 11 pro max case clear spigen
383,iphone charger 6ft braided apple certified
384,iphone xr cases clear design
385,iphone 11 case clear otterbox
386,iphone 11 screen protector and case purple
387,iphone 11 pro case speck black
388,iphone 11 pro case wallet with strap
389,iphone xr cases for girls marble
390,iphone charger cable short 90 degree
391,iphone cable protector
392,iphone 11 case wallet red
393,iphone 11 case silicone clear
394,iphone 11 pro max case clear heavy duty
395,iphone charger cord 6 feet 5 pack
396,iphone 11 case clear
397,iphone charger cable 10 foot pink
398,iphone 8 case with belt clip for women
399,iphone 11 pro case leather red
400,iphone charger cable 10 foot
401,iphone 11 case with screen protector clear
402,iphone xr cases spigen coral
403,iphone 11 case speck candyshell grip
404,iphone 11 pro case leather green
405,iphone cable 3ft
406,iphone 11 screen protector edge to edge tempered glass
407,iphone 11 case silicone black
408,iphone 11 screen protector otterbox commuter
409,iphone 11 pro case clear design
410,iphone xr cases speck purple
411,iphone 11 case with screen protector glitter
412,iphone 11 case clear with flowers
413,iphone 8 case speck blue
414,iphone 11 case red with screen protector
415,iphone 8 case spigen ultra hybrid
416,iphone 11 pro max case spigen gold
417,iphone 11 pro max case clear
418,iphone cable short 4 inch
419,iphone 7 case wallet zipper
420,iphone 7 case red marble
421,iphone cable 1 ft black
422,iphone cable 3ft anker
423,iphone 11 pro case silicone pink
424,iphone 7 case wallet purple
425,iphone xr cases with card holder spigen
426,iphone 11 screen protector tempered glass edge to edge
427,iphone xr screen protector tempered glass front and back
428,iphone charger 6 ft 3 pack
429,iphone 11 case black leather
430,iphone 8 case with card holder leather
431,iphone charger cable 3ft
432,iphone 11 pro case clear protective
433,iphone 7 case with card holder for women
434,iphone xr screen protector tempered glass blue light
435,iphone charger cable 3ft 2 pack
436,iphone 11 screen protector glass front and back
437,iphone cable 6ft 2 pack
438,iphone cable 3ft mfi
439,iphone xr cases speck blue
440,iphone charger 6ft apple certified braided
441,iphone 11 pro max case silicone
442,iphone charger 6 ft purple
443,iphone 11 case otterbox defender series
444,iphone 11 pro max case silicone pink
445,iphone 7 case silicone red
446,iphone xr cases otterbox with screen protector
447,iphone xr screen protector privacy matte
448,iphone charger cord 6 feet
449,iphone 11 case silicone purple
450,iphone xr cases silicone apple
451,iphone charger 6ft apple certified amazon basics
452,iphone charger cord apple certified 6ft
453,iphone 11 screen protector and case bundle
454,iphone 11 pro case with screen protector for girls
455,iphone 11 pro max case otterbox strada
456,iphone xr cases otterbox for girls
457,iphone cable 1 ft gold
458,iphone 11 pro case speck
459,iphone 11 case speck presidio grip
460,iphone cable charger apple
461,iphone xr cases otterbox camo
462,iphone xr screen protector tempered glass zagg
463,iphone xr cases for women
464,iphone charger cord 3ft
465,iphone cable charger black
466,iphone 11 pro max case leather
467,iphone 11 pro case spigen rugged armor
468,iphone 7 case wallet procase
469,iphone 11 pro case with screen protector purple
470,iphone 7 case yellow hard
471,iphone charger 6ft cable
472,iphone xr cases speck presidio
473,iphone charger cable 10 foot with plug
474,iphone 11 screen protector glass full
475,iphone 11 screen protector privacy film
476,iphone 11 pro max case speck wallet
477,iphone 7 case yellow flowers
478,iphone charger cable 3ft mfi certified red
479,iphone cable charger 10ft
480,iphone xr cases for women otterbox
481,iphone 11 pro case spigen kickstand
482,iphone cables apple certified 10ft
483,iphone xr screen protector tempered glass privacy full coverage
484,iphone charger cable anker 6 ft
485,apple iphone charger cable apple certified with wall plug
486,iphone xr screen protector privacy
487,iphone 11 pro case clear glitter
488,iphone 7 case with stand for kids
489,iphone charger cable short 1ft
490,iphone 11 screen protector glass elite
491,iphone cable 10ft 2pk
492,iphone 7 case spigen red
493,iphone 7 case silicone white
494,best iphone charger cable apple certified
495,iphone xr cases clear
496,iphone 11 case silicone red
497,iphone 11 pro max case clear floral
498,iphone cable 3ft 3 pack
499,iphone 11 pro case silicone
500,iphone charger 6 ft anker
501,iphone 11 pro max case with stand and magnet
502,iphone charger
503,iphone xr cases with card holder for women
504,iphone charger cable 10 foot apple certified pink
505,iphone 11 pro max case speck presidio
506,iphone xr screen protector privacy tempered glass
507,iphone charger cable 6ft 2 pack
508,iphone charger cable anker
509,iphone 11 screen protector privacy tempered glass
510,iphone 7 case yellow speck
511,iphone charger cable pack braided
512,iphone 11 screen protector film
513,iphone 11 pro case otterbox defender series
514,iphone 11 pro case spigen slim
515,iphone 11 pro max case otterbox with pop socket
516,iphone 11 pro case with card holder and stand
517,iphone 11 case black
518,iphone 11 pro case with card holder
519,iphone 11 case otterbox clear
520,iphone 11 pro case silicone protective
521,iphone charger 6 ft braided
522,iphone charger wireless iphone 11
523,iphone charger plug apple certified
524,iphone charger cord apple certified 3 ft
525,iphone charger with wall plug amazon basics
526,iphone 11 case otterbox commuter series
527,iphone 7 case with stand and screen protector
528,iphone xr screen protector matte film
529,iphone 11 case marble purple
530,iphone 11 case red silicone
531,iphone 11 pro case otterbox commuter
532,iphone charger cable 6ft anker
533,iphone 11 case speck clear
534,iphone 11 pro case speck presidio
535,iphone 11 pro case leather slim
536,iphone cable protector charger
537,iphone 11 case speck
538,iphone 11 screen protector privacy
539,iphone charger plug and cord
540,iphone 11 case clear sparkle
541,iphone 7 case silicone yellow
542,iphone charger cable 10 foot 90 degree
543,iphone 11 screen protector glass matte
544,iphone xr screen protector tempered glass 4 pack
545,iphone charger 6ft 3 pack
546,iphone xr cases silicone red
547,iphone xr screen protector glass 9h
548,iphone charger plug in wall apple
549,iphone 8 case redskins
550,iphone 11 pro case spigen liquid crystal
551,iphone cable 3ft 2 pack
552,iphone charger 6ft braided 1 pack
553,iphone 11 case with screen protector and stand
554,iphone cable 6ft black
555,iphone xr cases clear protective
556,iphone xr cases spigen thin fit
557,iphone 11 pro max case otterbox
558,iphone 11 case marble blue
559,"iphone charger cord 3ft,smallelectric lightning cable 3 feet 5pack"
560,iphone 11 case wallet for men
561,iphone 11 pro case with card holder silk
562,iphone charger cable 10 foot apple certified 3 pack 90 degree
563,iphone 11 pro max case
564,iphone 11 pro case otterbox defender
565,iphone charger anker 6ft 2 pack
566,iphone 8 case wallet red
567,iphone 8 case purple otterbox
568,iphone 7 case spigen slim
569,iphone 11 case speck candyshell
570,iphone 8 case with card holder red
571,iphone cable pack anker
572,iphone 7 case otterbox clear
573,iphone xr cases with card holder red
574,iphone xr cases with card holder clear
575,iphone xr cases for women with card holder
576,iphone 8 case otterbox with screen protector
577,iphone 11 pro case wallet credit card holder slot
578,iphone 11 pro case wallet magnetic
579,iphone 11 pro max case speck presidio grip
580,iphone 11 case clear with screen protector
581,iphone 11 pro case clear otterbox
582,iphone 7 case otterbox commuter
583,iphone xr cases cute clear
584,iphone 11 case red
585,iphone xr screen protector matte
586,iphone 8 case purple marble
587,iphone xr cases for women clear
588,iphone 7 case with card holder slim
589,iphone charger cable 6ft amazon basic
590,iphone 11 screen protector glass
591,iphone 8 case with belt clip slim
592,iphone 11 screen protector tempered glass full coverage
593,iphone 11 screen protector tempered glass and case
594,iphone 11 pro max case speck candyshell
595,iphone 11 pro max case with screen protector glitter
596,iphone xr screen protector matte glass
597,iphone charger cordless pad
598,iphone xr cases for women bling
599,iphone charger cable 1ft apple certified
600,iphone 8 case with card holder wireless charging
601,iphone cable 3ft certified
602,iphone cable protector wire
603,iphone 7 case with card holder and pop socket
604,iphone 11 pro max case with stand
605,iphone xr screen protector plastic
606,iphone cable 6ft amazon basics
607,iphone xr cases speck red
608,iphone 11 screen protector tempered glass zagg
609,iphone charger cord pack apple certified
610,iphone 11 case speck glitter
611,iphone 11 pro case with card holder and screen protector
612,iphone 7 case red rose
613,iphone charger cable apple certified 3 pack
614,iphone charger cable short
615,iphone 11 screen protector glass blue light
616,iphone xr cases spigen wallet
617,iphone charger cable 1ft white
618,iphone charger cords 3 pack 3 ft
619,iphone 8 case red silicone
620,iphone 11 screen protector and case clear
621,iphone 11 pro max case with stand with wireless charging
622,iphone xr cases clear glitter
623,iphone charger cable 1ft
624,iphone xr cases speck black
625,iphone charger cord 6 feet long
626,iphone charger cords 10 ft 3 pack
627,iphone 11 pro max case with card holder and stand
628,iphone xr cases cute pink
629,iphone 11 pro case
630,iphone cable charger
631,iphone 11 case red otterbox
632,iphone 11 pro max case spigen wallet
633,iphone xr screen protector
634,iphone 11 pro max case speck grip
635,iphone charger cord 6 feet apple certified
636,iphone xr screen protector matte privacy
637,iphone charger cable pack amazon basics
638,iphone charger wireless car
639,iphone 11 case speck wallet
640,iphone 7 case spigen liquid
641,iphone 7 case with stand and card holder
642,iphone xr screen protector tempered glass
643,iphone xr cases for women with wallet
644,iphone charger cords 3 pack
645,iphone 8 case card holder slim
646,iphone charger anker powerline 6ft lightning cable
647,iphone 11 case speck black
648,iphone charger cable pack of 5
649,iphone 11 pro case otterbox
650,iphone 8 case otterbox clear
651,iphone charger cords 10 ft
652,iphone 11 pro case leather apple
653,iphone 11 pro max case otterbox pink
654,iphone charger cable pack amazon
655,iphone xr cases for girls protective
656,iphone charger cable 1ft 3ft
657,iphone charger with wall plug 3 pack
658,iphone 8 case red and gold
659,iphone 11 pro case leather brown
660,iphone xr cases speck grip
661,iphone charger cable 10 foot 2 pack
662,iphone charger plug and cable
663,iphone 8 case red clear
664,iphone 11 pro max case with card holder and strap
665,iphone cable pack mfi
666,iphone cable short 90 degree
667,iphone 8 case card holder
668,iphone cable pack
669,iphone charger 6 ft apple certified
670,iphone 11 pro case wallet detachable
671,iphone 8 case spigen
672,iphone charger anker 6ft
673,iphone 7 case yellow apple
674,iphone xr cases with card holder
675,iphone charger cable 10 foot apple certified
676,iphone 11 pro case silicone clear
677,iphone 11 case with screen protector waterproof
678,iphone 8 case red and black
679,iphone 7 case wallet men
680,iphone 11 pro max case with screen protector
681,iphone 8 case wallet purple
682,iphone 11 pro case clear thin
683,iphone 11 pro case leather wallet
684,iphone 7 case red otterbox
685,iphone charger cable 6ft 3 pack
686,iphone 11 screen protector film not glass
687,iphone 11 pro max case otterbox popsocket
688,iphone 11 pro max case clear silicone
689,iphone 7 case with screen protector waterproof
690,iphone 11 case marble
691,iphone 8 case purple glitter
692,iphone xr screen protector tempered glass full coverage
693,iphone xr cases
694,iphone 11 pro max case with stand and card holder
695,iphone xr cases with card holder and stand
696,iphone xr cases clear with screen protector
697,iphone 8 case otterbox defender series
698,iphone 11 pro max case silicone yellow
699,iphone 7 case with stand and clip
700,iphone charger cordless car
701,iphone 11 pro max case leather wallet
702,iphone 11 pro max case with screen protector and ring
703,iphone xr cases spigen tough armor
704,iphone 11 pro max case spigen neo hybrid
705,iphone 11 pro max case with screen protector and stand
706,iphone cable charger and headphones
707,iphone charger 6ft apple certified with cube
708,iphone xr screen protector privacy case
709,iphone xr screen protector film
710,iphone charger 6 ft pink
711,iphone xr cases speck candyshell
712,iphone xr cases cute for girls
713,iphone 11 case black and white
714,iphone 8 case with card holder for men
715,iphone 11 case with screen protector purple
716,iphone 8 case wallet detachable
717,iphone 11 pro max case otterbox symmetry
718,iphone 7 case with screen protector clear
719,iphone xr cases speck clear
720,iphone charger cord
721,iphone 8 case otterbox camo
722,iphone 8 case with card holder spigen
723,iphone 11 pro case with card holder purple
724,iphone xr screen protector 4 pack
725,iphone 8 case red otterbox
726,iphone 8 case card holder red
727,iphone 7 case with stand for women
728,iphone charger cable 3ft mfi certified
729,iphone 11 case black and gold
730,iphone 11 pro case clear silicone
731,iphone 11 pro max case with stand ring
732,iphone charger cable 1ft 3 pack
733,iphone charger cable pack color
734,iphone charger cord 3ft pink
735,iphone 11 pro max case leather slim
736,iphone cable pack 3ft
737,iphone xr cases clear with design
738,iphone charger cable 1ft apple mfi certified
739,iphone charger cord apple certified
740,iphone 11 case marble pink
741,iphone 8 case otterbox defender
742,iphone 8 case spigen pink
743,iphone xr cases for women with ring holder
744,iphone 11 pro case spigen
745,iphone 8 case with belt clip otterbox
746,iphone 11 pro max case silicone 3d
747,iphone 7 case silicone black
748,iphone cable 6ft
749,iphone 11 case with screen protector and card holder
750,iphone xr cases spigen clear
751,iphone 8 case otterbox
752,iphone charger cable 3ft 3 pack
753,iphone 11 case black marble
754,iphone charger plug anker
755,iphone 11 pro case wallet clear
756,iphone 7 case red sox
757,iphone xr screen protector tempered glass edge to edge
758,iphone charger cord 3ft 2 pack
759,iphone 11 case clear speck
760,iphone 7 case with card holder leather
761,iphone 7 case with card holder otterbox
762,iphone charger 6ft apple certified
763,iphone charger with wall plug 10 feet
764,iphone 11 pro case silicone black
765,iphone 11 pro max case leather forest green
766,iphone 11 pro max case silicone clear
767,iphone xr cases otterbox clear
768,iphone 11 screen protector 4 pack
769,iphone 11 case black with screen protector
770,iphone 8 case spigen neo hybrid
771,iphone 8 case with card holder and strap
772,iphone charger cord 3ft blue
773,iphone 11 case otterbox symmetry clear
774,iphone 11 pro case with screen protector and belt clip
775,iphone cable 10ft anker
776,iphone xr cases with card holder slim
777,iphone 11 pro case silicone apple
778,iphone cable 6ft pack braided
779,iphone xr cases clear otterbox
780,iphone xr cases cute cartoon
781,iphone 11 pro max case with stand pink
782,iphone cable 6ft white
783,iphone xr cases for women pink
784,iphone charger cable apple certified amazon basics
785,iphone 8 case otterbox commuter case
786,iphone charger cable 6ft pack certified
787,iphone charger cable apple certified pack
788,iphone 7 case red
789,iphone 8 case card holder leather
790,iphone 11 screen protector edge to edge privacy
791,iphone 11 pro max case with screen protector for women
792,iphone xr cases otterbox defender
793,iphone 7 case with screen protector
794,iphone 11 case clear glitter
795,iphone 11 case wallet 6.1
796,iphone 7 case red silicone
797,iphone 8 case card holder disney
798,iphone charger 6 ft with wall plug apple certified
799,iphone 8 case with belt clip for men
800,iphone xr cases with card holder and screen protector
801,iphone 7 case spigen
802,iphone 11 case otterbox with screen protector
803,iphone 11 pro max case with stand clear
804,iphone 7 case silicone lavender
805,iphone xr cases for girls silicone
806,iphone 11 screen protector glass zagg
807,iphone 11 pro case spigen wallet
808,iphone 7 case wallet women
809,iphone 7 case wallet black
810,iphone 11 pro case leather black
811,iphone 8 case red glitter
812,iphone xr cases for girls wallet
813,iphone charger cable short 4 inch
814,iphone charger cord 6 feet apple
815,iphone 8 case otterbox red
816,iphone 11 pro max case with screen protector gold
817,iphone charger cable 10 foot apple certified 2 pack
818,iphone xr screen protector tempered glass privacy
819,iphone 8 case with card holder for women
820,iphone 7 case spigen ultra hybrid
821,iphone 11 screen protector tempered glass privacy
822,iphone 11 case black clear
823,iphone cable 1 ft apple certified
824,iphone xr cases for girls cute
825,iphone 7 case spigen clear
826,iphone 11 screen protector glass edge to edge
827,iphone 11 screen protector edge to edge 9h
828,iphone 11 pro max case silicone white
829,iphone cable pack certified
830,iphone 7 case wallet disney
831,iphone charger cord pack of 3
832,iphone xr cases spigen blue
833,iphone 11 screen protector otterbox
834,iphone 11 case silicone apple
835,iphone 11 pro case otterbox symmetry series
836,iphone cable 6ft anker
837,iphone 11 screen protector privacy 3 pack
838,iphone 11 pro case with card holder wireless charging
839,iphone cable 10ft braided
840,iphone xr cases speck glitter
841,iphone 7 case
842,iphone 7 case spigen blue
843,iphone 7 case with stand rose gold
844,iphone 11 pro case leather
845,iphone charger with wall plug braided
846,iphone cable 10ft mfi
847,iphone cable short anker
848,iphone 11 case marble protective
849,iphone 11 pro case otterbox clear
850,iphone cable short 12 inch
851,iphone xr screen protector glass full coverage
852,iphone 11 screen protector edge to edge
853,iphone charger cable apple certified
854,iphone charger cable apple certified 3 ft
855,iphone charger cord 3ft apple certified
856,iphone xr cases spigen
857,iphone 11 pro case otterbox with screen protector
858,iphone 11 pro case speck glitter
859,iphone 7 case with stand for girls
860,iphone 11 screen protector film front and back
861,iphone charger cords 10 ft anker
862,iphone 7 case yellow
863,iphone 11 pro case spigen clear
864,iphone cable 6ft pack
865,iphone 7 case wallet pink
866,iphone cable 3ft braided
867,iphone 11 screen protector
868,iphone 8 case with card holder
869,iphone 11 case otterbox pink
870,iphone cable protector cute
871,iphone cables apple certified black
872,iphone cable short 10 inch
873,iphone charger wireless fast charge
874,iphone 11 case wallet with strap
875,iphone 8 case card holder speck
876,iphone 7 case yellow design
877,iphone 8 case red plaid
878,iphone 11 pro case silicone white
879,iphone 11 pro max case with screen protector and belt clip
880,iphone cable charger apple certified
881,iphone xr cases spigen rugged armor
882,iphone 11 case
883,iphone 8 case with card holder and screen protector
884,iphone xr cases cute cartoon characters
885,iphone xr screen protector glass screen pro
886,iphone xr screen protector matte anti glare film
887,iphone charger cable short white
888,iphone charger cable 3ft pack
889,iphone charger cable 3ft certified
890,iphone 11 pro case otterbox popsocket
891,iphone 11 pro case clear floral
892,iphone xr screen protector privacy full coverage
893,iphone charger cable short 6 inch
894,iphone xr screen protector glass otterbox
895,iphone charger plug in wall
896,iphone 11 case red leather
897,iphone 11 pro case with card holder rose gold
898,iphone 11 pro max case with screen protector clear
899,iphone cable protector bite
900,iphone charger anker powerline
901,iphone 8 case wallet mirror
902,iphone 11 pro max case with card holder slim
903,iphone cable 10ft white
904,iphone 11 pro max case with card holder clear
905,iphone 11 pro max case silicone green
906,iphone cable protector disney
907,iphone charger anker 10ft
908,iphone 11 pro case wallet with magnet
909,iphone 7 case otterbox defender
910,iphone 7 case with screen protector red
911,iphone 7 case red and black
912,iphone cable
913,iphone 8 case speck candyshell
914,iphone 11 screen protector film clear
915,iphone 11 pro max case leather green
